{
  "metadata": {
    "created": "2026-01-28T01:06:09.803417",
    "description": "Critical financial infrastructure sites - exchanges, clearing, settlement, payments",
    "total_sites": 33
  },
  "categories": {
    "exchanges_trading": 8,
    "clearing_settlement": 7,
    "payment_systems": 11,
    "regional_exchanges": 7
  },
  "sites": [
    {
      "id": "NYSE-MAHWAH",
      "name": "NYSE Euronext Data Center - Mahwah",
      "city": "Mahwah",
      "state": "NJ",
      "country": "US",
      "latitude": 41.0814,
      "longitude": -74.1549,
      "address": "1700 MacArthur Blvd",
      "capacity_mw": 28,
      "type": "primary",
      "operator": "ICE/NYSE",
      "tier": 0,
      "notes": "396,000 sq ft, primary trading",
      "category": "exchanges_trading",
      "zone": "Americas",
      "source": "FinancialInfra",
      "priority": 0
    },
    {
      "id": "NYSE-CERMAK",
      "name": "NYSE Disaster Recovery - Chicago",
      "city": "Chicago",
      "state": "IL",
      "country": "US",
      "latitude": 41.8528,
      "longitude": -87.6185,
      "address": "350 E Cermak Rd",
      "type": "dr",
      "operator": "ICE/NYSE",
      "tier": 0,
      "notes": "DR site for all NYSE platforms",
      "category": "exchanges_trading",
      "zone": "Americas",
      "source": "FinancialInfra",
      "priority": 0
    },
    {
      "id": "NYSE-BASILDON",
      "name": "NYSE Euronext - Basildon UK",
      "city": "Basildon",
      "country": "GB",
      "latitude": 51.5762,
      "longitude": 0.4885,
      "type": "primary",
      "operator": "ICE/NYSE",
      "tier": 0,
      "category": "exchanges_trading",
      "zone": "EMEA",
      "source": "FinancialInfra",
      "priority": 0
    },
    {
      "id": "CME-AURORA",
      "name": "CME Group Data Center - Aurora",
      "city": "Aurora",
      "state": "IL",
      "country": "US",
      "latitude": 41.7606,
      "longitude": -88.3201,
      "type": "primary",
      "operator": "CME Group",
      "tier": 0,
      "notes": "Primary matching engine for CME, CBOT, NYMEX, COMEX",
      "category": "exchanges_trading",
      "zone": "Americas",
      "source": "FinancialInfra",
      "priority": 0
    },
    {
      "id": "CME-LONDON",
      "name": "CME Globex - London",
      "city": "London",
      "country": "GB",
      "latitude": 51.5195,
      "longitude": -0.055,
      "type": "colocation",
      "operator": "CME Group",
      "tier": 1,
      "category": "exchanges_trading",
      "zone": "EMEA",
      "source": "FinancialInfra",
      "priority": 1
    },
    {
      "id": "ICE-ATLANTA",
      "name": "ICE Data Center - Atlanta",
      "city": "Atlanta",
      "state": "GA",
      "country": "US",
      "latitude": 33.7552,
      "longitude": -84.3908,
      "type": "primary",
      "operator": "ICE",
      "tier": 0,
      "category": "exchanges_trading",
      "zone": "Americas",
      "source": "FinancialInfra",
      "priority": 0
    },
    {
      "id": "NASDAQ-CARTERET",
      "name": "NASDAQ Data Center - Carteret",
      "city": "Carteret",
      "state": "NJ",
      "country": "US",
      "latitude": 40.586,
      "longitude": -74.227,
      "type": "primary",
      "operator": "NASDAQ",
      "tier": 0,
      "notes": "Primary matching engine",
      "category": "exchanges_trading",
      "zone": "Americas",
      "source": "FinancialInfra",
      "priority": 0
    },
    {
      "id": "NASDAQ-CONN",
      "name": "NASDAQ Backup - Connecticut",
      "city": "Stamford",
      "state": "CT",
      "country": "US",
      "latitude": 41.0534,
      "longitude": -73.5387,
      "type": "dr",
      "operator": "NASDAQ",
      "tier": 1,
      "category": "exchanges_trading",
      "zone": "Americas",
      "source": "FinancialInfra",
      "priority": 1
    },
    {
      "id": "DTCC-JC",
      "name": "DTCC HQ - Jersey City",
      "city": "Jersey City",
      "state": "NJ",
      "country": "US",
      "latitude": 40.7282,
      "longitude": -74.0385,
      "address": "570 Washington Blvd",
      "type": "hq",
      "operator": "DTCC",
      "tier": 0,
      "notes": "Primary clearing and settlement",
      "category": "clearing_settlement",
      "zone": "Americas",
      "source": "FinancialInfra",
      "priority": 0
    },
    {
      "id": "DTCC-WEEHAWKEN",
      "name": "DTCC Data Center - Weehawken",
      "city": "Weehawken",
      "state": "NJ",
      "country": "US",
      "latitude": 40.773,
      "longitude": -74.0227,
      "type": "primary",
      "operator": "DTCC",
      "tier": 0,
      "notes": "Fiber-linked to NYC financial district",
      "category": "clearing_settlement",
      "zone": "Americas",
      "source": "FinancialInfra",
      "priority": 0
    },
    {
      "id": "DTCC-SECAUCUS",
      "name": "DTCC Data Center - Secaucus",
      "city": "Secaucus",
      "state": "NJ",
      "country": "US",
      "latitude": 40.7896,
      "longitude": -74.0565,
      "type": "dr",
      "operator": "DTCC",
      "tier": 0,
      "notes": "Off Lincoln Tunnel, 14 miles from Newark",
      "category": "clearing_settlement",
      "zone": "Americas",
      "source": "FinancialInfra",
      "priority": 0
    },
    {
      "id": "DTCC-TAMPA",
      "name": "DTCC Operations - Tampa",
      "city": "Tampa",
      "state": "FL",
      "country": "US",
      "latitude": 27.9506,
      "longitude": -82.4572,
      "type": "operations",
      "operator": "DTCC",
      "tier": 1,
      "category": "clearing_settlement",
      "zone": "Americas",
      "source": "FinancialInfra",
      "priority": 1
    },
    {
      "id": "CLS-NYC",
      "name": "CLS Bank - New York",
      "city": "New York",
      "state": "NY",
      "country": "US",
      "latitude": 40.758,
      "longitude": -73.9855,
      "type": "primary",
      "operator": "CLS Bank",
      "tier": 0,
      "notes": "Primary FX settlement",
      "category": "clearing_settlement",
      "zone": "Americas",
      "source": "FinancialInfra",
      "priority": 0
    },
    {
      "id": "EUROCLEAR-BRUSSELS",
      "name": "Euroclear - Brussels",
      "city": "Brussels",
      "country": "BE",
      "latitude": 50.8503,
      "longitude": 4.3517,
      "type": "primary",
      "operator": "Euroclear",
      "tier": 0,
      "category": "clearing_settlement",
      "zone": "EMEA",
      "source": "FinancialInfra",
      "priority": 0
    },
    {
      "id": "CLEARSTREAM-LUX",
      "name": "Clearstream - Luxembourg",
      "city": "Luxembourg City",
      "country": "LU",
      "latitude": 49.6117,
      "longitude": 6.1319,
      "type": "primary",
      "operator": "Clearstream",
      "tier": 0,
      "category": "clearing_settlement",
      "zone": "EMEA",
      "source": "FinancialInfra",
      "priority": 0
    },
    {
      "id": "FED-ECDC",
      "name": "Federal Reserve ECDC - East Rutherford",
      "city": "East Rutherford",
      "state": "NJ",
      "country": "US",
      "latitude": 40.834,
      "longitude": -74.0972,
      "type": "primary",
      "operator": "Federal Reserve",
      "tier": 0,
      "notes": "East Coast Data Center, Fedwire",
      "category": "payment_systems",
      "zone": "Americas",
      "source": "FinancialInfra",
      "priority": 0
    },
    {
      "id": "FED-RICHMOND",
      "name": "Federal Reserve - Richmond",
      "city": "Richmond",
      "state": "VA",
      "country": "US",
      "latitude": 37.5407,
      "longitude": -77.436,
      "type": "primary",
      "operator": "Federal Reserve",
      "tier": 0,
      "category": "payment_systems",
      "zone": "Americas",
      "source": "FinancialInfra",
      "priority": 0
    },
    {
      "id": "SWIFT-CULPEPER",
      "name": "SWIFT Operations Center - Culpeper",
      "city": "Culpeper",
      "state": "VA",
      "country": "US",
      "latitude": 38.4732,
      "longitude": -77.9966,
      "type": "primary",
      "operator": "SWIFT",
      "tier": 0,
      "notes": "Americas messaging hub",
      "category": "payment_systems",
      "zone": "Americas",
      "source": "FinancialInfra",
      "priority": 0
    },
    {
      "id": "SWIFT-LEIDEN",
      "name": "SWIFT Operations Center - Leiden",
      "city": "Leiden",
      "country": "NL",
      "latitude": 52.1601,
      "longitude": 4.497,
      "type": "primary",
      "operator": "SWIFT",
      "tier": 0,
      "category": "payment_systems",
      "zone": "EMEA",
      "source": "FinancialInfra",
      "priority": 0
    },
    {
      "id": "SWIFT-ZURICH",
      "name": "SWIFT Operations Center - Zurich",
      "city": "Zurich",
      "country": "CH",
      "latitude": 47.3769,
      "longitude": 8.5417,
      "type": "dr",
      "operator": "SWIFT",
      "tier": 0,
      "category": "payment_systems",
      "zone": "EMEA",
      "source": "FinancialInfra",
      "priority": 0
    },
    {
      "id": "VISA-ASHBURN",
      "name": "Visa Data Center - Ashburn",
      "city": "Ashburn",
      "state": "VA",
      "country": "US",
      "latitude": 39.0438,
      "longitude": -77.4874,
      "type": "primary",
      "operator": "Visa",
      "tier": 0,
      "category": "payment_systems",
      "zone": "Americas",
      "source": "FinancialInfra",
      "priority": 0
    },
    {
      "id": "VISA-DENVER",
      "name": "Visa Data Center - Denver (Highlands Ranch)",
      "city": "Highlands Ranch",
      "state": "CO",
      "country": "US",
      "latitude": 39.5501,
      "longitude": -104.9698,
      "type": "dr",
      "operator": "Visa",
      "tier": 0,
      "category": "payment_systems",
      "zone": "Americas",
      "source": "FinancialInfra",
      "priority": 0
    },
    {
      "id": "VISA-LONDON",
      "name": "Visa Data Center - London",
      "city": "London",
      "country": "GB",
      "latitude": 51.5074,
      "longitude": -0.1278,
      "type": "primary",
      "operator": "Visa",
      "tier": 0,
      "category": "payment_systems",
      "zone": "EMEA",
      "source": "FinancialInfra",
      "priority": 0
    },
    {
      "id": "VISA-SINGAPORE",
      "name": "Visa Data Center - Singapore",
      "city": "Singapore",
      "country": "SG",
      "latitude": 1.3521,
      "longitude": 103.8198,
      "type": "primary",
      "operator": "Visa",
      "tier": 0,
      "category": "payment_systems",
      "zone": "APAC",
      "source": "FinancialInfra",
      "priority": 0
    },
    {
      "id": "MC-STL",
      "name": "Mastercard Global Technology - O'Fallon",
      "city": "O'Fallon",
      "state": "MO",
      "country": "US",
      "latitude": 38.8106,
      "longitude": -90.6998,
      "type": "primary",
      "operator": "Mastercard",
      "tier": 0,
      "category": "payment_systems",
      "zone": "Americas",
      "source": "FinancialInfra",
      "priority": 0
    },
    {
      "id": "MC-KC",
      "name": "Mastercard Data Center - Kansas City",
      "city": "Kansas City",
      "state": "MO",
      "country": "US",
      "latitude": 39.0997,
      "longitude": -94.5786,
      "type": "dr",
      "operator": "Mastercard",
      "tier": 0,
      "category": "payment_systems",
      "zone": "Americas",
      "source": "FinancialInfra",
      "priority": 0
    },
    {
      "id": "JPX-TOKYO",
      "name": "Japan Exchange Group - Tokyo",
      "city": "Tokyo",
      "country": "JP",
      "latitude": 35.6834,
      "longitude": 139.7688,
      "type": "primary",
      "operator": "JPX",
      "tier": 0,
      "category": "regional_exchanges",
      "zone": "APAC",
      "source": "FinancialInfra",
      "priority": 0
    },
    {
      "id": "SGX-SINGAPORE",
      "name": "Singapore Exchange - SGX",
      "city": "Singapore",
      "country": "SG",
      "latitude": 1.2797,
      "longitude": 103.851,
      "type": "primary",
      "operator": "SGX",
      "tier": 0,
      "category": "regional_exchanges",
      "zone": "APAC",
      "source": "FinancialInfra",
      "priority": 0
    },
    {
      "id": "HKEX-TSEUNGKWANO",
      "name": "Hong Kong Exchange Data Center",
      "city": "Tseung Kwan O",
      "country": "HK",
      "latitude": 22.3183,
      "longitude": 114.2587,
      "type": "primary",
      "operator": "HKEX",
      "tier": 0,
      "category": "regional_exchanges",
      "zone": "APAC",
      "source": "FinancialInfra",
      "priority": 0
    },
    {
      "id": "ASX-SYDNEY",
      "name": "Australian Securities Exchange - Sydney",
      "city": "Sydney",
      "country": "AU",
      "latitude": -33.8568,
      "longitude": 151.2153,
      "type": "primary",
      "operator": "ASX",
      "tier": 0,
      "category": "regional_exchanges",
      "zone": "APAC",
      "source": "FinancialInfra",
      "priority": 0
    },
    {
      "id": "LSE-LONDON",
      "name": "London Stock Exchange - London",
      "city": "London",
      "country": "GB",
      "latitude": 51.5142,
      "longitude": -0.0931,
      "type": "primary",
      "operator": "LSE",
      "tier": 0,
      "category": "regional_exchanges",
      "zone": "EMEA",
      "source": "FinancialInfra",
      "priority": 0
    },
    {
      "id": "EUREX-FRANKFURT",
      "name": "Eurex - Frankfurt",
      "city": "Frankfurt",
      "country": "DE",
      "latitude": 50.1155,
      "longitude": 8.6724,
      "type": "primary",
      "operator": "Deutsche B\u00f6rse",
      "tier": 0,
      "category": "regional_exchanges",
      "zone": "EMEA",
      "source": "FinancialInfra",
      "priority": 0
    },
    {
      "id": "EURONEXT-PARIS",
      "name": "Euronext - Paris",
      "city": "Paris",
      "country": "FR",
      "latitude": 48.8698,
      "longitude": 2.3429,
      "type": "primary",
      "operator": "Euronext",
      "tier": 0,
      "category": "regional_exchanges",
      "zone": "EMEA",
      "source": "FinancialInfra",
      "priority": 0
    }
  ]
}